,ID,k,r,c,a SSE Action,b SSE Action,SSEAction,R2_SSE_Action,a SSE External,b SSE External,SSEExternal,R2_SSE_External
0,1,4,-2.81,0.0,1.947182411059437,496.13035617962913,6.712726738575357e-15,1.0,2.0318981848832265,515.3433809456495,5.641015260311946e-15,0.9999999999999998
1,1,4,-2.81,0.00015,1.947182411059437,496.13035617962913,6.712726738575357e-15,1.0,2.0318981848832265,515.3433809456495,5.641015260311946e-15,0.9999999999999998
2,1,4,-2.81,0.0003,1.947182411059437,496.13035617962913,6.712726738575357e-15,1.0,2.0318981848832265,515.3433809456495,5.641015260311946e-15,0.9999999999999998
3,1,4,-2.81,0.00045,1.947182411059437,496.13035617962913,6.712726738575357e-15,1.0,2.0318981848832265,515.3433809456495,5.641015260311946e-15,0.9999999999999998
4,1,4,-2.81,0.0006,1.947182411059437,496.13035617962913,6.712726738575357e-15,1.0,2.0318981848832265,515.3433809456495,5.641015260311946e-15,0.9999999999999998
5,1,4,-2.81,0.0007499999999999999,1.947182411059437,496.13035617962913,6.712726738575357e-15,1.0,2.0318981848832265,515.3433809456495,5.641015260311946e-15,0.9999999999999998
6,1,4,-2.81,0.0009,1.947182411059437,496.13035617962913,6.712726738575357e-15,1.0,2.0318981848832265,515.3433809456495,5.641015260311946e-15,0.9999999999999998
7,1,4,-2.81,0.00105,1.947182411059437,496.13035617962913,6.712726738575357e-15,1.0,2.0318981848832265,515.3433809456495,5.641015260311946e-15,0.9999999999999998
8,1,4,-2.81,0.0012,1.947182411059437,496.13035617962913,6.712726738575357e-15,1.0,2.0318981848832265,515.3433809456495,5.641015260311946e-15,0.9999999999999998
9,1,4,-2.81,0.0013499999999999999,1.9471824110571425,496.1303561796399,6.713790513270584e-15,1.0,2.0318981848897213,515.3433809456398,5.637650092375052e-15,1.0
10,1,4,-2.81,0.0014999999999999998,1.947182411059437,496.13035617962913,6.712726738575357e-15,1.0,2.0318981848832265,515.3433809456495,5.641015260311946e-15,0.9999999999999998
11,1,4,-2.81,0.0016499999999999998,1.947182411059437,496.13035617962913,6.712726738575357e-15,1.0,2.0318981848832265,515.3433809456495,5.641015260311946e-15,0.9999999999999998
12,1,4,-2.81,0.0018,1.947182411059437,496.13035617962913,6.712726738575357e-15,1.0,2.0318981848832265,515.3433809456495,5.641015260311946e-15,0.9999999999999998
13,1,4,-2.81,0.00195,1.947182411059437,496.13035617962913,6.712726738575357e-15,1.0,2.0318981848832265,515.3433809456495,5.641015260311946e-15,0.9999999999999998
14,1,4,-2.81,0.0021,1.947182411059437,496.13035617962913,6.712726738575357e-15,1.0,2.0318981848832265,515.3433809456495,5.641015260311946e-15,0.9999999999999998
15,2,4,-2.81,0.0,13.57511757480909,375.05279555812757,4.600860782585129e-15,1.0,7.07321259945675,392.26169767583366,2.47987996694487e-13,1.0
16,2,4,-2.81,0.00015,13.57511757480909,375.05279555812757,4.600860782585129e-15,1.0,7.07321259945675,392.26169767583366,2.47987996694487e-13,1.0
17,2,4,-2.81,0.0003,13.57511757480909,375.05279555812757,4.600860782585129e-15,1.0,7.07321259945675,392.26169767583366,2.47987996694487e-13,1.0
18,2,4,-2.81,0.00045,13.57511757480909,375.05279555812757,4.600860782585129e-15,1.0,7.07321259945675,392.26169767583366,2.47987996694487e-13,1.0
19,2,4,-2.81,0.0006,13.57511757480909,375.05279555812757,4.600860782585129e-15,1.0,7.07321259945675,392.26169767583366,2.47987996694487e-13,1.0
20,2,4,-2.81,0.0007499999999999999,13.57511757480909,375.05279555812757,4.600860782585129e-15,1.0,7.07321259945675,392.26169767583366,2.47987996694487e-13,1.0
21,2,4,-2.81,0.0009,13.57511757480909,375.05279555812757,4.600860782585129e-15,1.0,7.07321259945675,392.26169767583366,2.47987996694487e-13,1.0
22,2,4,-2.81,0.00105,13.57511757480909,375.05279555812757,4.600860782585129e-15,1.0,7.07321259945675,392.26169767583366,2.47987996694487e-13,1.0
23,2,4,-2.81,0.0012,13.57511757480909,375.05279555812757,4.600860782585129e-15,1.0,7.07321259945675,392.26169767583366,2.47987996694487e-13,1.0
24,2,4,-2.81,0.0013499999999999999,13.575117574765887,375.05279555825445,4.603900304934024e-15,1.0,7.073212600408238,392.26169766960226,2.443358774026723e-13,1.0
25,2,4,-2.81,0.0014999999999999998,13.57511757480909,375.05279555812757,4.600860782585129e-15,1.0,7.07321259945675,392.26169767583366,2.47987996694487e-13,1.0
26,2,4,-2.81,0.0016499999999999998,13.57511757480909,375.05279555812757,4.600860782585129e-15,1.0,7.07321259945675,392.26169767583366,2.47987996694487e-13,1.0
27,2,4,-2.81,0.0018,13.57511757480909,375.05279555812757,4.600860782585129e-15,1.0,7.07321259945675,392.26169767583366,2.47987996694487e-13,1.0
28,2,4,-2.81,0.00195,13.57511757480909,375.05279555812757,4.600860782585129e-15,1.0,7.07321259945675,392.26169767583366,2.47987996694487e-13,1.0
29,2,4,-2.81,0.0021,13.57511757480909,375.05279555812757,4.600860782585129e-15,1.0,7.07321259945675,392.26169767583366,2.47987996694487e-13,1.0
30,3,4,-2.81,0.0,7.444486987130819,387.64023543851795,1.0192930057265188e-14,0.9999999999999998,11.41551536619651,370.95208694754336,4.202503445267989e-15,1.0
31,3,4,-2.81,0.00015,7.444486987130819,387.64023543851795,1.0192930057265188e-14,0.9999999999999998,11.41551536619651,370.95208694754336,4.202503445267989e-15,1.0
32,3,4,-2.81,0.0003,7.444486987130819,387.64023543851795,1.0192930057265188e-14,0.9999999999999998,11.41551536619651,370.95208694754336,4.202503445267989e-15,1.0
33,3,4,-2.81,0.00045,7.444486987130819,387.64023543851795,1.0192930057265188e-14,0.9999999999999998,11.41551536619651,370.95208694754336,4.202503445267989e-15,1.0
34,3,4,-2.81,0.0006,7.444486987130819,387.64023543851795,1.0192930057265188e-14,0.9999999999999998,11.41551536619651,370.95208694754336,4.202503445267989e-15,1.0
35,3,4,-2.81,0.0007499999999999999,7.444486987130819,387.64023543851795,1.0192930057265188e-14,0.9999999999999998,11.41551536619651,370.95208694754336,4.202503445267989e-15,1.0
36,3,4,-2.81,0.0009,7.444486987130819,387.64023543851795,1.0192930057265188e-14,0.9999999999999998,11.41551536619651,370.95208694754336,4.202503445267989e-15,1.0
37,3,4,-2.81,0.00105,7.444486987130819,387.64023543851795,1.0192930057265188e-14,0.9999999999999998,11.41551536619651,370.95208694754336,4.202503445267989e-15,1.0
38,3,4,-2.81,0.0012,7.444486987130819,387.64023543851795,1.0192930057265188e-14,0.9999999999999998,11.41551536619651,370.95208694754336,4.202503445267989e-15,1.0
39,3,4,-2.81,0.0013499999999999999,7.4444869871317225,387.6402354385123,1.019235312852766e-14,1.0,11.41551537912161,370.9520869476271,1.4380278542534605e-14,1.0
40,3,4,-2.81,0.0014999999999999998,7.444486987130819,387.64023543851795,1.0192930057265188e-14,0.9999999999999998,11.41551536619651,370.95208694754336,4.202503445267989e-15,1.0
41,3,4,-2.81,0.0016499999999999998,7.444486987130819,387.64023543851795,1.0192930057265188e-14,0.9999999999999998,11.41551536619651,370.95208694754336,4.202503445267989e-15,1.0
42,3,4,-2.81,0.0018,7.444486987130819,387.64023543851795,1.0192930057265188e-14,0.9999999999999998,11.41551536619651,370.95208694754336,4.202503445267989e-15,1.0
43,3,4,-2.81,0.00195,7.444486987130819,387.64023543851795,1.0192930057265188e-14,0.9999999999999998,11.41551536619651,370.95208694754336,4.202503445267989e-15,1.0
44,3,4,-2.81,0.0021,7.444486987130819,387.64023543851795,1.0192930057265188e-14,0.9999999999999998,11.41551536619651,370.95208694754336,4.202503445267989e-15,1.0
45,4,4,-2.81,0.0,7.784115309579984,306.78016926612844,4.939485669275108e-15,1.0,6.016017811191178,315.6917343248469,2.3270863933793286e-13,1.0
46,4,4,-2.81,0.00015,7.784115309579984,306.78016926612844,4.939485669275108e-15,1.0,6.016017811191178,315.6917343248469,2.3270863933793286e-13,1.0
47,4,4,-2.81,0.0003,7.784115309579984,306.78016926612844,4.939485669275108e-15,1.0,6.016017811191178,315.6917343248469,2.3270863933793286e-13,1.0
48,4,4,-2.81,0.00045,7.784115309579984,306.78016926612844,4.939485669275108e-15,1.0,6.016017811191178,315.6917343248469,2.3270863933793286e-13,1.0
49,4,4,-2.81,0.0006,7.784115309579984,306.78016926612844,4.939485669275108e-15,1.0,6.016017811191178,315.6917343248469,2.3270863933793286e-13,1.0
50,4,4,-2.81,0.0007499999999999999,7.784115309579984,306.78016926612844,4.939485669275108e-15,1.0,6.016017811191178,315.6917343248469,2.3270863933793286e-13,1.0
51,4,4,-2.81,0.0009,7.784115309579984,306.78016926612844,4.939485669275108e-15,1.0,6.016017811191178,315.6917343248469,2.3270863933793286e-13,1.0
52,4,4,-2.81,0.00105,7.784115309579984,306.78016926612844,4.939485669275108e-15,1.0,6.016017811191178,315.6917343248469,2.3270863933793286e-13,1.0
53,4,4,-2.81,0.0012,7.784115309579984,306.78016926612844,4.939485669275108e-15,1.0,6.016017811191178,315.6917343248469,2.3270863933793286e-13,1.0
54,4,4,-2.81,0.0013499999999999999,7.784115309579984,306.78016926612844,4.939485669275108e-15,1.0,6.016017811206411,315.6917343247887,2.3275311421904244e-13,1.0
55,4,4,-2.81,0.0014999999999999998,7.784115309579984,306.78016926612844,4.939485669275108e-15,1.0,6.016017811191178,315.6917343248469,2.3270863933793286e-13,1.0
56,4,4,-2.81,0.0016499999999999998,7.784115309579984,306.78016926612844,4.939485669275108e-15,1.0,6.016017811191178,315.6917343248469,2.3270863933793286e-13,1.0
57,4,4,-2.81,0.0018,7.784115309579984,306.78016926612844,4.939485669275108e-15,1.0,6.016017811191178,315.6917343248469,2.3270863933793286e-13,1.0
58,4,4,-2.81,0.00195,7.784115309579984,306.78016926612844,4.939485669275108e-15,1.0,6.016017811191178,315.6917343248469,2.3270863933793286e-13,1.0
59,4,4,-2.81,0.0021,7.784115309579984,306.78016926612844,4.939485669275108e-15,1.0,6.016017811191178,315.6917343248469,2.3270863933793286e-13,1.0
60,5,4,-2.81,0.0,3.3804780175796365,503.30818711599755,1.9050835284091871e-13,0.9999999999999996,19.2123564571213,466.5404945147633,8.48804872025109e-12,1.0
61,5,4,-2.81,0.00015,3.3804780175796365,503.30818711599755,1.9050835284091871e-13,0.9999999999999996,19.2123564571213,466.5404945147633,8.48804872025109e-12,1.0
62,5,4,-2.81,0.0003,3.3804780175796365,503.30818711599755,1.9050835284091871e-13,0.9999999999999996,19.2123564571213,466.5404945147633,8.48804872025109e-12,1.0
63,5,4,-2.81,0.00045,3.3804780175796365,503.30818711599755,1.9050835284091871e-13,0.9999999999999996,19.2123564571213,466.5404945147633,8.48804872025109e-12,1.0
64,5,4,-2.81,0.0006,3.3804780175796365,503.30818711599755,1.9050835284091871e-13,0.9999999999999996,19.2123564571213,466.5404945147633,8.48804872025109e-12,1.0
65,5,4,-2.81,0.0007499999999999999,3.3804780175796365,503.30818711599755,1.9050835284091871e-13,0.9999999999999996,19.2123564571213,466.5404945147633,8.48804872025109e-12,1.0
66,5,4,-2.81,0.0009,3.3804780175796365,503.30818711599755,1.9050835284091871e-13,0.9999999999999996,19.2123564571213,466.5404945147633,8.48804872025109e-12,1.0
67,5,4,-2.81,0.00105,3.3804780175796365,503.30818711599755,1.9050835284091871e-13,0.9999999999999996,19.2123564571213,466.5404945147633,8.48804872025109e-12,1.0
68,5,4,-2.81,0.0012,3.3804780175796365,503.30818711599755,1.9050835284091871e-13,0.9999999999999996,19.2123564571213,466.5404945147633,8.48804872025109e-12,1.0
69,5,4,-2.81,0.0013499999999999999,3.3804780166646005,503.3081871191401,1.932350613023306e-13,1.0,19.212356490621225,466.5404942969789,7.747602707195219e-12,1.0
70,5,4,-2.81,0.0014999999999999998,3.3804780175796365,503.30818711599755,1.9050835284091871e-13,0.9999999999999996,19.2123564571213,466.5404945147633,8.48804872025109e-12,1.0
71,5,4,-2.81,0.0016499999999999998,3.3804780175796365,503.30818711599755,1.9050835284091871e-13,0.9999999999999996,19.2123564571213,466.5404945147633,8.48804872025109e-12,1.0
72,5,4,-2.81,0.0018,3.3804780175796365,503.30818711599755,1.9050835284091871e-13,0.9999999999999996,19.2123564571213,466.5404945147633,8.48804872025109e-12,1.0
73,5,4,-2.81,0.00195,3.3804780175796365,503.30818711599755,1.9050835284091871e-13,0.9999999999999996,19.2123564571213,466.5404945147633,8.48804872025109e-12,1.0
74,5,4,-2.81,0.0021,3.3804780175796365,503.30818711599755,1.9050835284091871e-13,0.9999999999999996,19.2123564571213,466.5404945147633,8.48804872025109e-12,1.0
75,6,4,-2.81,0.0,-4.090475584854952,497.6160331733941,1.0898314714024559e-13,1.0,1.964095259412923,475.67966095329757,2.716917202233448e-14,1.0
76,6,4,-2.81,0.00015,-4.090475584854952,497.6160331733941,1.0898314714024559e-13,1.0,1.964095259412923,475.67966095329757,2.716917202233448e-14,1.0
77,6,4,-2.81,0.0003,-4.090475584854952,497.6160331733941,1.0898314714024559e-13,1.0,1.964095259412923,475.67966095329757,2.716917202233448e-14,1.0
78,6,4,-2.81,0.00045,-4.090475584854952,497.6160331733941,1.0898314714024559e-13,1.0,1.964095259412923,475.67966095329757,2.716917202233448e-14,1.0
79,6,4,-2.81,0.0006,-4.090475584854952,497.6160331733941,1.0898314714024559e-13,1.0,1.964095259412923,475.67966095329757,2.716917202233448e-14,1.0
80,6,4,-2.81,0.0007499999999999999,-4.090475584854952,497.6160331733941,1.0898314714024559e-13,1.0,1.964095259412923,475.67966095329757,2.716917202233448e-14,1.0
81,6,4,-2.81,0.0009,-4.090475584854952,497.6160331733941,1.0898314714024559e-13,1.0,1.964095259412923,475.67966095329757,2.716917202233448e-14,1.0
82,6,4,-2.81,0.00105,-4.090475584854952,497.6160331733941,1.0898314714024559e-13,1.0,1.964095259412923,475.67966095329757,2.716917202233448e-14,1.0
83,6,4,-2.81,0.0012,-4.090475584854952,497.6160331733941,1.0898314714024559e-13,1.0,1.964095259412923,475.67966095329757,2.716917202233448e-14,1.0
84,6,4,-2.81,0.0013499999999999999,-4.090475584854952,497.6160331733941,1.0898314714024559e-13,1.0,1.9640952594994838,475.6796609531822,2.7020217681096397e-14,0.9999999999999998
85,6,4,-2.81,0.0014999999999999998,-4.090475584854952,497.6160331733941,1.0898314714024559e-13,1.0,1.964095259412923,475.67966095329757,2.716917202233448e-14,1.0
86,6,4,-2.81,0.0016499999999999998,-4.090475584854952,497.6160331733941,1.0898314714024559e-13,1.0,1.964095259412923,475.67966095329757,2.716917202233448e-14,1.0
87,6,4,-2.81,0.0018,-4.090475584854952,497.6160331733941,1.0898314714024559e-13,1.0,1.964095259412923,475.67966095329757,2.716917202233448e-14,1.0
88,6,4,-2.81,0.00195,-4.090475584854952,497.6160331733941,1.0898314714024559e-13,1.0,1.964095259412923,475.67966095329757,2.716917202233448e-14,1.0
89,6,4,-2.81,0.0021,-4.090475584854952,497.6160331733941,1.0898314714024559e-13,1.0,1.964095259412923,475.67966095329757,2.716917202233448e-14,1.0
90,9,4,-2.81,0.0,2.32657103144433,565.1198115903416,3.303723629108326e-14,1.0,24.192289750686136,503.91723101505005,9.917567567454393e-12,1.0
91,9,4,-2.81,0.00015,2.32657103144433,565.1198115903416,3.303723629108326e-14,1.0,24.192289750686136,503.91723101505005,9.917567567454393e-12,1.0
92,9,4,-2.81,0.0003,2.32657103144433,565.1198115903416,3.303723629108326e-14,1.0,24.192289750686136,503.91723101505005,9.917567567454393e-12,1.0
93,9,4,-2.81,0.00045,2.32657103144433,565.1198115903416,3.303723629108326e-14,1.0,24.192289750686136,503.91723101505005,9.917567567454393e-12,1.0
94,9,4,-2.81,0.0006,2.32657103144433,565.1198115903416,3.303723629108326e-14,1.0,24.192289750686136,503.91723101505005,9.917567567454393e-12,1.0
95,9,4,-2.81,0.0007499999999999999,2.32657103144433,565.1198115903416,3.303723629108326e-14,1.0,24.192289750686136,503.91723101505005,9.917567567454393e-12,1.0
96,9,4,-2.81,0.0009,2.32657103144433,565.1198115903416,3.303723629108326e-14,1.0,24.192289750686136,503.91723101505005,9.917567567454393e-12,1.0
97,9,4,-2.81,0.00105,2.32657103144433,565.1198115903416,3.303723629108326e-14,1.0,24.192289750686136,503.91723101505005,9.917567567454393e-12,1.0
98,9,4,-2.81,0.0012,2.32657103144433,565.1198115903416,3.303723629108326e-14,1.0,24.192289750686136,503.91723101505005,9.917567567454393e-12,1.0
99,9,4,-2.81,0.0013499999999999999,2.32657103144433,565.1198115903416,3.303723629108326e-14,1.0,24.192290600208146,503.9172257481432,7.13670658637395e-15,1.0
100,9,4,-2.81,0.0014999999999999998,2.32657103144433,565.1198115903416,3.303723629108326e-14,1.0,24.192289750686136,503.91723101505005,9.917567567454393e-12,1.0
101,9,4,-2.81,0.0016499999999999998,2.32657103144433,565.1198115903416,3.303723629108326e-14,1.0,24.192289750686136,503.91723101505005,9.917567567454393e-12,1.0
102,9,4,-2.81,0.0018,2.32657103144433,565.1198115903416,3.303723629108326e-14,1.0,24.192289750686136,503.91723101505005,9.917567567454393e-12,1.0
103,9,4,-2.81,0.00195,2.32657103144433,565.1198115903416,3.303723629108326e-14,1.0,24.192289750686136,503.91723101505005,9.917567567454393e-12,1.0
104,9,4,-2.81,0.0021,2.32657103144433,565.1198115903416,3.303723629108326e-14,1.0,24.192289750686136,503.91723101505005,9.917567567454393e-12,1.0
105,11,4,-2.81,0.0,6.5409759590453245,420.0073839444827,6.130709550352831e-13,1.0,10.601810573526267,397.50599619269656,3.426431130186786e-12,1.0
106,11,4,-2.81,0.00015,6.5409759590453245,420.0073839444827,6.130709550352831e-13,1.0,10.601810573526267,397.50599619269656,3.426431130186786e-12,1.0
107,11,4,-2.81,0.0003,6.5409759590453245,420.0073839444827,6.130709550352831e-13,1.0,10.601810573526267,397.50599619269656,3.426431130186786e-12,1.0
108,11,4,-2.81,0.00045,6.5409759590453245,420.0073839444827,6.130709550352831e-13,1.0,10.601810573526267,397.50599619269656,3.426431130186786e-12,1.0
109,11,4,-2.81,0.0006,6.5409759590453245,420.0073839444827,6.130709550352831e-13,1.0,10.601810573526267,397.50599619269656,3.426431130186786e-12,1.0
110,11,4,-2.81,0.0007499999999999999,6.5409759590453245,420.0073839444827,6.130709550352831e-13,1.0,10.601810573526267,397.50599619269656,3.426431130186786e-12,1.0
111,11,4,-2.81,0.0009,6.5409759590453245,420.0073839444827,6.130709550352831e-13,1.0,10.601810573526267,397.50599619269656,3.426431130186786e-12,1.0
112,11,4,-2.81,0.00105,6.5409759590453245,420.0073839444827,6.130709550352831e-13,1.0,10.601810573526267,397.50599619269656,3.426431130186786e-12,1.0
113,11,4,-2.81,0.0012,6.5409759590453245,420.0073839444827,6.130709550352831e-13,1.0,10.601810573526267,397.50599619269656,3.426431130186786e-12,1.0
114,11,4,-2.81,0.0013499999999999999,6.540975959182184,420.0073839437847,6.126020252645819e-13,1.0,10.601810573526267,397.50599619269656,3.426431130186786e-12,1.0
115,11,4,-2.81,0.0014999999999999998,6.5409759590453245,420.0073839444827,6.130709550352831e-13,1.0,10.601810573526267,397.50599619269656,3.426431130186786e-12,1.0
116,11,4,-2.81,0.0016499999999999998,6.5409759590453245,420.0073839444827,6.130709550352831e-13,1.0,10.601810573526267,397.50599619269656,3.426431130186786e-12,1.0
117,11,4,-2.81,0.0018,6.5409759590453245,420.0073839444827,6.130709550352831e-13,1.0,10.601810573526267,397.50599619269656,3.426431130186786e-12,1.0
118,11,4,-2.81,0.00195,6.5409759590453245,420.0073839444827,6.130709550352831e-13,1.0,10.601810573526267,397.50599619269656,3.426431130186786e-12,1.0
119,11,4,-2.81,0.0021,6.5409759590453245,420.0073839444827,6.130709550352831e-13,1.0,10.601810573526267,397.50599619269656,3.426431130186786e-12,1.0
120,12,4,-2.81,0.0,-1.117023025122814,364.79978659176794,5.430135205227292e-15,1.0,-1.933717855263573,387.7753838879157,1.7342503520364569e-12,1.0
121,12,4,-2.81,0.00015,-1.117023025122814,364.79978659176794,5.430135205227292e-15,1.0,-1.933717855263573,387.7753838879157,1.7342503520364569e-12,1.0
122,12,4,-2.81,0.0003,-1.117023025122814,364.79978659176794,5.430135205227292e-15,1.0,-1.933717855263573,387.7753838879157,1.7342503520364569e-12,1.0
123,12,4,-2.81,0.00045,-1.117023025122814,364.79978659176794,5.430135205227292e-15,1.0,-1.933717855263573,387.7753838879157,1.7342503520364569e-12,1.0
124,12,4,-2.81,0.0006,-1.117023025122814,364.79978659176794,5.430135205227292e-15,1.0,-1.933717855263573,387.7753838879157,1.7342503520364569e-12,1.0
125,12,4,-2.81,0.0007499999999999999,-1.117023025122814,364.79978659176794,5.430135205227292e-15,1.0,-1.933717855263573,387.7753838879157,1.7342503520364569e-12,1.0
126,12,4,-2.81,0.0009,-1.117023025122814,364.79978659176794,5.430135205227292e-15,1.0,-1.933717855263573,387.7753838879157,1.7342503520364569e-12,1.0
127,12,4,-2.81,0.00105,-1.117023025122814,364.79978659176794,5.430135205227292e-15,1.0,-1.933717855263573,387.7753838879157,1.7342503520364569e-12,1.0
128,12,4,-2.81,0.0012,-1.117023025122814,364.79978659176794,5.430135205227292e-15,1.0,-1.933717855263573,387.7753838879157,1.7342503520364569e-12,1.0
129,12,4,-2.81,0.0013499999999999999,-1.1170230251218651,364.79978659175924,5.4298201652321195e-15,1.0,-1.933717855263573,387.7753838879157,1.7342503520364569e-12,1.0
130,12,4,-2.81,0.0014999999999999998,-1.117023025122814,364.79978659176794,5.430135205227292e-15,1.0,-1.933717855263573,387.7753838879157,1.7342503520364569e-12,1.0
131,12,4,-2.81,0.0016499999999999998,-1.117023025122814,364.79978659176794,5.430135205227292e-15,1.0,-1.933717855263573,387.7753838879157,1.7342503520364569e-12,1.0
132,12,4,-2.81,0.0018,-1.117023025122814,364.79978659176794,5.430135205227292e-15,1.0,-1.933717855263573,387.7753838879157,1.7342503520364569e-12,1.0
133,12,4,-2.81,0.00195,-1.117023025122814,364.79978659176794,5.430135205227292e-15,1.0,-1.933717855263573,387.7753838879157,1.7342503520364569e-12,1.0
134,12,4,-2.81,0.0021,-1.117023025122814,364.79978659176794,5.430135205227292e-15,1.0,-1.933717855263573,387.7753838879157,1.7342503520364569e-12,1.0
135,13,4,-2.81,0.0,9.226057617260578,407.97738522912607,1.1979894061768184e-14,1.0,8.406441265077579,402.54727260642176,3.359163750609896e-13,0.9999999999999998
136,13,4,-2.81,0.00015,9.226057617260578,407.97738522912607,1.1979894061768184e-14,1.0,8.406441265077579,402.54727260642176,3.359163750609896e-13,0.9999999999999998
137,13,4,-2.81,0.0003,9.226057617260578,407.97738522912607,1.1979894061768184e-14,1.0,8.406441265077579,402.54727260642176,3.359163750609896e-13,0.9999999999999998
138,13,4,-2.81,0.00045,9.226057617260578,407.97738522912607,1.1979894061768184e-14,1.0,8.406441265077579,402.54727260642176,3.359163750609896e-13,0.9999999999999998
139,13,4,-2.81,0.0006,9.226057617260578,407.97738522912607,1.1979894061768184e-14,1.0,8.406441265077579,402.54727260642176,3.359163750609896e-13,0.9999999999999998
140,13,4,-2.81,0.0007499999999999999,9.226057617260578,407.97738522912607,1.1979894061768184e-14,1.0,8.406441265077579,402.54727260642176,3.359163750609896e-13,0.9999999999999998
141,13,4,-2.81,0.0009,9.226057617260578,407.97738522912607,1.1979894061768184e-14,1.0,8.406441265077579,402.54727260642176,3.359163750609896e-13,0.9999999999999998
142,13,4,-2.81,0.00105,9.226057617260578,407.97738522912607,1.1979894061768184e-14,1.0,8.406441265077579,402.54727260642176,3.359163750609896e-13,0.9999999999999998
143,13,4,-2.81,0.0012,9.226057617260578,407.97738522912607,1.1979894061768184e-14,1.0,8.406441265077579,402.54727260642176,3.359163750609896e-13,0.9999999999999998
144,13,4,-2.81,0.0013499999999999999,9.226057617272021,407.9773852290649,1.1972426859643164e-14,1.0,8.406441265077579,402.54727260642176,3.359163750609896e-13,0.9999999999999998
145,13,4,-2.81,0.0014999999999999998,9.226057617260578,407.97738522912607,1.1979894061768184e-14,1.0,8.406441265077579,402.54727260642176,3.359163750609896e-13,0.9999999999999998
146,13,4,-2.81,0.0016499999999999998,9.226057617260578,407.97738522912607,1.1979894061768184e-14,1.0,8.406441265077579,402.54727260642176,3.359163750609896e-13,0.9999999999999998
147,13,4,-2.81,0.0018,9.226057617260578,407.97738522912607,1.1979894061768184e-14,1.0,8.406441265077579,402.54727260642176,3.359163750609896e-13,0.9999999999999998
148,13,4,-2.81,0.00195,9.226057617260578,407.97738522912607,1.1979894061768184e-14,1.0,8.406441265077579,402.54727260642176,3.359163750609896e-13,0.9999999999999998
149,13,4,-2.81,0.0021,9.226057617260578,407.97738522912607,1.1979894061768184e-14,1.0,8.406441265077579,402.54727260642176,3.359163750609896e-13,0.9999999999999998
150,14,4,-2.81,0.0,11.45032592999561,384.38621910831955,6.4236297537273716e-15,1.0,-1.9749228253312263,455.10403491273536,5.264381589962977e-15,1.0
151,14,4,-2.81,0.00015,11.45032592999561,384.38621910831955,6.4236297537273716e-15,1.0,-1.9749228253312263,455.10403491273536,5.264381589962977e-15,1.0
152,14,4,-2.81,0.0003,11.45032592999561,384.38621910831955,6.4236297537273716e-15,1.0,-1.9749228253312263,455.10403491273536,5.264381589962977e-15,1.0
153,14,4,-2.81,0.00045,11.45032592999561,384.38621910831955,6.4236297537273716e-15,1.0,-1.9749228253312263,455.10403491273536,5.264381589962977e-15,1.0
154,14,4,-2.81,0.0006,11.45032592999561,384.38621910831955,6.4236297537273716e-15,1.0,-1.9749228253312263,455.10403491273536,5.264381589962977e-15,1.0
155,14,4,-2.81,0.0007499999999999999,11.45032592999561,384.38621910831955,6.4236297537273716e-15,1.0,-1.9749228253312263,455.10403491273536,5.264381589962977e-15,1.0
156,14,4,-2.81,0.0009,11.45032592999561,384.38621910831955,6.4236297537273716e-15,1.0,-1.9749228253312263,455.10403491273536,5.264381589962977e-15,1.0
157,14,4,-2.81,0.00105,11.45032592999561,384.38621910831955,6.4236297537273716e-15,1.0,-1.9749228253312263,455.10403491273536,5.264381589962977e-15,1.0
158,14,4,-2.81,0.0012,11.45032592999561,384.38621910831955,6.4236297537273716e-15,1.0,-1.9749228253312263,455.10403491273536,5.264381589962977e-15,1.0
159,14,4,-2.81,0.0013499999999999999,11.45032592999561,384.38621910831955,6.4236297537273716e-15,1.0,-1.974922825340351,455.10403491284313,5.265787523634049e-15,1.0
160,14,4,-2.81,0.0014999999999999998,11.45032592999561,384.38621910831955,6.4236297537273716e-15,1.0,-1.9749228253312263,455.10403491273536,5.264381589962977e-15,1.0
161,14,4,-2.81,0.0016499999999999998,11.45032592999561,384.38621910831955,6.4236297537273716e-15,1.0,-1.9749228253312263,455.10403491273536,5.264381589962977e-15,1.0
162,14,4,-2.81,0.0018,11.45032592999561,384.38621910831955,6.4236297537273716e-15,1.0,-1.9749228253312263,455.10403491273536,5.264381589962977e-15,1.0
163,14,4,-2.81,0.00195,11.45032592999561,384.38621910831955,6.4236297537273716e-15,1.0,-1.9749228253312263,455.10403491273536,5.264381589962977e-15,1.0
164,14,4,-2.81,0.0021,11.45032592999561,384.38621910831955,6.4236297537273716e-15,1.0,-1.9749228253312263,455.10403491273536,5.264381589962977e-15,1.0
165,15,4,-2.81,0.0,12.323907856152534,517.1181855877809,1.5006876290941046e-13,1.0,3.15713246603204,589.2186352260975,1.0516764606941292e-14,1.0
166,15,4,-2.81,0.00015,12.323907856152534,517.1181855877809,1.5006876290941046e-13,1.0,3.15713246603204,589.2186352260975,1.0516764606941292e-14,1.0
167,15,4,-2.81,0.0003,12.323907856152534,517.1181855877809,1.5006876290941046e-13,1.0,3.15713246603204,589.2186352260975,1.0516764606941292e-14,1.0
168,15,4,-2.81,0.00045,12.323907856152534,517.1181855877809,1.5006876290941046e-13,1.0,3.15713246603204,589.2186352260975,1.0516764606941292e-14,1.0
169,15,4,-2.81,0.0006,12.323907856152534,517.1181855877809,1.5006876290941046e-13,1.0,3.15713246603204,589.2186352260975,1.0516764606941292e-14,1.0
170,15,4,-2.81,0.0007499999999999999,12.323907856152534,517.1181855877809,1.5006876290941046e-13,1.0,3.15713246603204,589.2186352260975,1.0516764606941292e-14,1.0
171,15,4,-2.81,0.0009,12.323907856152534,517.1181855877809,1.5006876290941046e-13,1.0,3.15713246603204,589.2186352260975,1.0516764606941292e-14,1.0
172,15,4,-2.81,0.00105,12.323907856152534,517.1181855877809,1.5006876290941046e-13,1.0,3.15713246603204,589.2186352260975,1.0516764606941292e-14,1.0
173,15,4,-2.81,0.0012,12.323907856152534,517.1181855877809,1.5006876290941046e-13,1.0,3.15713246603204,589.2186352260975,1.0516764606941292e-14,1.0
174,15,4,-2.81,0.0013499999999999999,12.323907857687436,517.1181855791262,1.462974977264998e-13,1.0,3.1571324662749864,589.2186352252872,1.0351855926364285e-14,1.0
175,15,4,-2.81,0.0014999999999999998,12.323907856152534,517.1181855877809,1.5006876290941046e-13,1.0,3.15713246603204,589.2186352260975,1.0516764606941292e-14,1.0
176,15,4,-2.81,0.0016499999999999998,12.323907856152534,517.1181855877809,1.5006876290941046e-13,1.0,3.15713246603204,589.2186352260975,1.0516764606941292e-14,1.0
177,15,4,-2.81,0.0018,12.323907856152534,517.1181855877809,1.5006876290941046e-13,1.0,3.15713246603204,589.2186352260975,1.0516764606941292e-14,1.0
178,15,4,-2.81,0.00195,12.323907856152534,517.1181855877809,1.5006876290941046e-13,1.0,3.15713246603204,589.2186352260975,1.0516764606941292e-14,1.0
179,15,4,-2.81,0.0021,12.323907856152534,517.1181855877809,1.5006876290941046e-13,1.0,3.15713246603204,589.2186352260975,1.0516764606941292e-14,1.0
180,16,4,-2.81,0.0,11.96525896778179,583.9809403443427,2.3856452019702256e-13,1.0,-7.026148025680001,660.8872860217737,7.357062549214825e-15,1.0
181,16,4,-2.81,0.00015,11.96525896778179,583.9809403443427,2.3856452019702256e-13,1.0,-7.026148025680001,660.8872860217737,7.357062549214825e-15,1.0
182,16,4,-2.81,0.0003,11.96525896778179,583.9809403443427,2.3856452019702256e-13,1.0,-7.026148025680001,660.8872860217737,7.357062549214825e-15,1.0
183,16,4,-2.81,0.00045,11.96525896778179,583.9809403443427,2.3856452019702256e-13,1.0,-7.026148025680001,660.8872860217737,7.357062549214825e-15,1.0
184,16,4,-2.81,0.0006,11.96525896778179,583.9809403443427,2.3856452019702256e-13,1.0,-7.026148025680001,660.8872860217737,7.357062549214825e-15,1.0
185,16,4,-2.81,0.0007499999999999999,11.96525896778179,583.9809403443427,2.3856452019702256e-13,1.0,-7.026148025680001,660.8872860217737,7.357062549214825e-15,1.0
186,16,4,-2.81,0.0009,11.96525896778179,583.9809403443427,2.3856452019702256e-13,1.0,-7.026148025680001,660.8872860217737,7.357062549214825e-15,1.0
187,16,4,-2.81,0.00105,11.96525896778179,583.9809403443427,2.3856452019702256e-13,1.0,-7.026148025680001,660.8872860217737,7.357062549214825e-15,1.0
188,16,4,-2.81,0.0012,11.96525896778179,583.9809403443427,2.3856452019702256e-13,1.0,-7.026148025680001,660.8872860217737,7.357062549214825e-15,1.0
189,16,4,-2.81,0.0013499999999999999,11.96525896778179,583.9809403443427,2.3856452019702256e-13,1.0,-7.0261480256513345,660.8872860217112,7.338442160345824e-15,1.0
190,16,4,-2.81,0.0014999999999999998,11.96525896778179,583.9809403443427,2.3856452019702256e-13,1.0,-7.026148025680001,660.8872860217737,7.357062549214825e-15,1.0
191,16,4,-2.81,0.0016499999999999998,11.96525896778179,583.9809403443427,2.3856452019702256e-13,1.0,-7.026148025680001,660.8872860217737,7.357062549214825e-15,1.0
192,16,4,-2.81,0.0018,11.96525896778179,583.9809403443427,2.3856452019702256e-13,1.0,-7.026148025680001,660.8872860217737,7.357062549214825e-15,1.0
193,16,4,-2.81,0.00195,11.96525896778179,583.9809403443427,2.3856452019702256e-13,1.0,-7.026148025680001,660.8872860217737,7.357062549214825e-15,1.0
194,16,4,-2.81,0.0021,11.96525896778179,583.9809403443427,2.3856452019702256e-13,1.0,-7.026148025680001,660.8872860217737,7.357062549214825e-15,1.0
195,18,4,-2.81,0.0,1.9184721547422101,397.83596475178985,4.549780646558102e-15,1.0,7.246045503033348,404.95576462069226,7.667841638345902e-15,1.0
196,18,4,-2.81,0.00015,1.9184721547422101,397.83596475178985,4.549780646558102e-15,1.0,7.246045503033348,404.95576462069226,7.667841638345902e-15,1.0
197,18,4,-2.81,0.0003,1.9184721547422101,397.83596475178985,4.549780646558102e-15,1.0,7.246045503033348,404.95576462069226,7.667841638345902e-15,1.0
198,18,4,-2.81,0.00045,1.9184721547422101,397.83596475178985,4.549780646558102e-15,1.0,7.246045503033348,404.95576462069226,7.667841638345902e-15,1.0
199,18,4,-2.81,0.0006,1.9184721547422101,397.83596475178985,4.549780646558102e-15,1.0,7.246045503033348,404.95576462069226,7.667841638345902e-15,1.0
200,18,4,-2.81,0.0007499999999999999,1.9184721547422101,397.83596475178985,4.549780646558102e-15,1.0,7.246045503033348,404.95576462069226,7.667841638345902e-15,1.0
201,18,4,-2.81,0.0009,1.9184721547422101,397.83596475178985,4.549780646558102e-15,1.0,7.246045503033348,404.95576462069226,7.667841638345902e-15,1.0
202,18,4,-2.81,0.00105,1.9184721547422101,397.83596475178985,4.549780646558102e-15,1.0,7.246045503033348,404.95576462069226,7.667841638345902e-15,1.0
203,18,4,-2.81,0.0012,1.9184721547422101,397.83596475178985,4.549780646558102e-15,1.0,7.246045503033348,404.95576462069226,7.667841638345902e-15,1.0
204,18,4,-2.81,0.0013499999999999999,1.9184721548045174,397.8359647518034,4.532962243744329e-15,1.0,7.2460455030409685,404.9557646206592,7.663940023002086e-15,0.9999999999999996
205,18,4,-2.81,0.0014999999999999998,1.9184721547422101,397.83596475178985,4.549780646558102e-15,1.0,7.246045503033348,404.95576462069226,7.667841638345902e-15,1.0
206,18,4,-2.81,0.0016499999999999998,1.9184721547422101,397.83596475178985,4.549780646558102e-15,1.0,7.246045503033348,404.95576462069226,7.667841638345902e-15,1.0
207,18,4,-2.81,0.0018,1.9184721547422101,397.83596475178985,4.549780646558102e-15,1.0,7.246045503033348,404.95576462069226,7.667841638345902e-15,1.0
208,18,4,-2.81,0.00195,1.9184721547422101,397.83596475178985,4.549780646558102e-15,1.0,7.246045503033348,404.95576462069226,7.667841638345902e-15,1.0
209,18,4,-2.81,0.0021,1.9184721547422101,397.83596475178985,4.549780646558102e-15,1.0,7.246045503033348,404.95576462069226,7.667841638345902e-15,1.0
210,19,4,-2.81,0.0,-3.216583932617852,566.8504041751212,1.471462032808904e-14,1.0,20.832479279797365,471.1868426098849,4.9261917683926225e-12,1.0
211,19,4,-2.81,0.00015,-3.216583932617852,566.8504041751212,1.471462032808904e-14,1.0,20.832479279797365,471.1868426098849,4.9261917683926225e-12,1.0
212,19,4,-2.81,0.0003,-3.216583932617852,566.8504041751212,1.471462032808904e-14,1.0,20.832479279797365,471.1868426098849,4.9261917683926225e-12,1.0
213,19,4,-2.81,0.00045,-3.216583932617852,566.8504041751212,1.471462032808904e-14,1.0,20.832479279797365,471.1868426098849,4.9261917683926225e-12,1.0
214,19,4,-2.81,0.0006,-3.216583932617852,566.8504041751212,1.471462032808904e-14,1.0,20.832479279797365,471.1868426098849,4.9261917683926225e-12,1.0
215,19,4,-2.81,0.0007499999999999999,-3.216583932617852,566.8504041751212,1.471462032808904e-14,1.0,20.832479279797365,471.1868426098849,4.9261917683926225e-12,1.0
216,19,4,-2.81,0.0009,-3.216583932617852,566.8504041751212,1.471462032808904e-14,1.0,20.832479279797365,471.1868426098849,4.9261917683926225e-12,1.0
217,19,4,-2.81,0.00105,-3.216583932617852,566.8504041751212,1.471462032808904e-14,1.0,20.832479279797365,471.1868426098849,4.9261917683926225e-12,1.0
218,19,4,-2.81,0.0012,-3.216583932617852,566.8504041751212,1.471462032808904e-14,1.0,20.832479279797365,471.1868426098849,4.9261917683926225e-12,1.0
219,19,4,-2.81,0.0013499999999999999,-3.2165839326613295,566.8504041754202,1.4723951497083838e-14,1.0,20.832479273606573,471.18684264772565,5.0244050351970415e-12,1.0
220,19,4,-2.81,0.0014999999999999998,-3.216583932617852,566.8504041751212,1.471462032808904e-14,1.0,20.832479279797365,471.1868426098849,4.9261917683926225e-12,1.0
221,19,4,-2.81,0.0016499999999999998,-3.216583932617852,566.8504041751212,1.471462032808904e-14,1.0,20.832479279797365,471.1868426098849,4.9261917683926225e-12,1.0
222,19,4,-2.81,0.0018,-3.216583932617852,566.8504041751212,1.471462032808904e-14,1.0,20.832479279797365,471.1868426098849,4.9261917683926225e-12,1.0
223,19,4,-2.81,0.00195,-3.216583932617852,566.8504041751212,1.471462032808904e-14,1.0,20.832479279797365,471.1868426098849,4.9261917683926225e-12,1.0
224,19,4,-2.81,0.0021,-3.216583932617852,566.8504041751212,1.471462032808904e-14,1.0,20.832479279797365,471.1868426098849,4.9261917683926225e-12,1.0
225,20,4,-2.81,0.0,-5.6072912803208865,482.71786758727774,9.023913166964586e-15,1.0,15.438123739453964,380.08861033202567,5.444936148027863e-15,1.0
226,20,4,-2.81,0.00015,-5.6072912803208865,482.71786758727774,9.023913166964586e-15,1.0,15.438123739453964,380.08861033202567,5.444936148027863e-15,1.0
227,20,4,-2.81,0.0003,-5.6072912803208865,482.71786758727774,9.023913166964586e-15,1.0,15.438123739453964,380.08861033202567,5.444936148027863e-15,1.0
228,20,4,-2.81,0.00045,-5.6072912803208865,482.71786758727774,9.023913166964586e-15,1.0,15.438123739453964,380.08861033202567,5.444936148027863e-15,1.0
229,20,4,-2.81,0.0006,-5.6072912803208865,482.71786758727774,9.023913166964586e-15,1.0,15.438123739453964,380.08861033202567,5.444936148027863e-15,1.0
230,20,4,-2.81,0.0007499999999999999,-5.6072912803208865,482.71786758727774,9.023913166964586e-15,1.0,15.438123739453964,380.08861033202567,5.444936148027863e-15,1.0
231,20,4,-2.81,0.0009,-5.6072912803208865,482.71786758727774,9.023913166964586e-15,1.0,15.438123739453964,380.08861033202567,5.444936148027863e-15,1.0
232,20,4,-2.81,0.00105,-5.6072912803208865,482.71786758727774,9.023913166964586e-15,1.0,15.438123739453964,380.08861033202567,5.444936148027863e-15,1.0
233,20,4,-2.81,0.0012,-5.6072912803208865,482.71786758727774,9.023913166964586e-15,1.0,15.438123739453964,380.08861033202567,5.444936148027863e-15,1.0
234,20,4,-2.81,0.0013499999999999999,-5.607291280321093,482.7178675872931,9.020944113863984e-15,1.0,15.438123739453875,380.0886103320261,5.444976919601928e-15,0.9999999999999998
235,20,4,-2.81,0.0014999999999999998,-5.6072912803208865,482.71786758727774,9.023913166964586e-15,1.0,15.438123739453964,380.08861033202567,5.444936148027863e-15,1.0
236,20,4,-2.81,0.0016499999999999998,-5.6072912803208865,482.71786758727774,9.023913166964586e-15,1.0,15.438123739453964,380.08861033202567,5.444936148027863e-15,1.0
237,20,4,-2.81,0.0018,-5.6072912803208865,482.71786758727774,9.023913166964586e-15,1.0,15.438123739453964,380.08861033202567,5.444936148027863e-15,1.0
238,20,4,-2.81,0.00195,-5.6072912803208865,482.71786758727774,9.023913166964586e-15,1.0,15.438123739453964,380.08861033202567,5.444936148027863e-15,1.0
239,20,4,-2.81,0.0021,-5.6072912803208865,482.71786758727774,9.023913166964586e-15,1.0,15.438123739453964,380.08861033202567,5.444936148027863e-15,1.0
240,21,4,-2.81,0.0,18.78452154813004,395.6287139794862,5.443171937811946e-15,1.0,-1.2731725144164585,469.6157778587028,1.1802481114981858e-13,1.0
241,21,4,-2.81,0.00015,18.78452154813004,395.6287139794862,5.443171937811946e-15,1.0,-1.2731725144164585,469.6157778587028,1.1802481114981858e-13,1.0
242,21,4,-2.81,0.0003,18.78452154813004,395.6287139794862,5.443171937811946e-15,1.0,-1.2731725144164585,469.6157778587028,1.1802481114981858e-13,1.0
243,21,4,-2.81,0.00045,18.78452154813004,395.6287139794862,5.443171937811946e-15,1.0,-1.2731725144164585,469.6157778587028,1.1802481114981858e-13,1.0
244,21,4,-2.81,0.0006,18.78452154813004,395.6287139794862,5.443171937811946e-15,1.0,-1.2731725144164585,469.6157778587028,1.1802481114981858e-13,1.0
245,21,4,-2.81,0.0007499999999999999,18.78452154813004,395.6287139794862,5.443171937811946e-15,1.0,-1.2731725144164585,469.6157778587028,1.1802481114981858e-13,1.0
246,21,4,-2.81,0.0009,18.78452154813004,395.6287139794862,5.443171937811946e-15,1.0,-1.2731725144164585,469.6157778587028,1.1802481114981858e-13,1.0
247,21,4,-2.81,0.00105,18.78452154813004,395.6287139794862,5.443171937811946e-15,1.0,-1.2731725144164585,469.6157778587028,1.1802481114981858e-13,1.0
248,21,4,-2.81,0.0012,18.78452154813004,395.6287139794862,5.443171937811946e-15,1.0,-1.2731725144164585,469.6157778587028,1.1802481114981858e-13,1.0
249,21,4,-2.81,0.0013499999999999999,18.784521548119617,395.6287139795469,5.447395288276495e-15,1.0,-1.273172514409035,469.6157778586433,1.180469663803448e-13,0.9999999999999998
250,21,4,-2.81,0.0014999999999999998,18.78452154813004,395.6287139794862,5.443171937811946e-15,1.0,-1.2731725144164585,469.6157778587028,1.1802481114981858e-13,1.0
251,21,4,-2.81,0.0016499999999999998,18.78452154813004,395.6287139794862,5.443171937811946e-15,1.0,-1.2731725144164585,469.6157778587028,1.1802481114981858e-13,1.0
252,21,4,-2.81,0.0018,18.78452154813004,395.6287139794862,5.443171937811946e-15,1.0,-1.2731725144164585,469.6157778587028,1.1802481114981858e-13,1.0
253,21,4,-2.81,0.00195,18.78452154813004,395.6287139794862,5.443171937811946e-15,1.0,-1.2731725144164585,469.6157778587028,1.1802481114981858e-13,1.0
254,21,4,-2.81,0.0021,18.78452154813004,395.6287139794862,5.443171937811946e-15,1.0,-1.2731725144164585,469.6157778587028,1.1802481114981858e-13,1.0
255,22,4,-2.81,0.0,4.437342337778208,398.6252277768674,1.111254311441291e-12,0.9999999999999998,8.84599547244237,391.67012702605945,6.9190926960505455e-15,1.0
256,22,4,-2.81,0.00015,4.437342337778208,398.6252277768674,1.111254311441291e-12,0.9999999999999998,8.84599547244237,391.67012702605945,6.9190926960505455e-15,1.0
257,22,4,-2.81,0.0003,4.437342337778208,398.6252277768674,1.111254311441291e-12,0.9999999999999998,8.84599547244237,391.67012702605945,6.9190926960505455e-15,1.0
258,22,4,-2.81,0.00045,4.437342337778208,398.6252277768674,1.111254311441291e-12,0.9999999999999998,8.84599547244237,391.67012702605945,6.9190926960505455e-15,1.0
259,22,4,-2.81,0.0006,4.437342337778208,398.6252277768674,1.111254311441291e-12,0.9999999999999998,8.84599547244237,391.67012702605945,6.9190926960505455e-15,1.0
260,22,4,-2.81,0.0007499999999999999,4.437342337778208,398.6252277768674,1.111254311441291e-12,0.9999999999999998,8.84599547244237,391.67012702605945,6.9190926960505455e-15,1.0
261,22,4,-2.81,0.0009,4.437342337778208,398.6252277768674,1.111254311441291e-12,0.9999999999999998,8.84599547244237,391.67012702605945,6.9190926960505455e-15,1.0
262,22,4,-2.81,0.00105,4.437342337778208,398.6252277768674,1.111254311441291e-12,0.9999999999999998,8.84599547244237,391.67012702605945,6.9190926960505455e-15,1.0
263,22,4,-2.81,0.0012,4.437342337778208,398.6252277768674,1.111254311441291e-12,0.9999999999999998,8.84599547244237,391.67012702605945,6.9190926960505455e-15,1.0
264,22,4,-2.81,0.0013499999999999999,4.437342337778208,398.6252277768674,1.111254311441291e-12,0.9999999999999998,8.845995472425795,391.67012702613687,6.927138960980913e-15,1.0
265,22,4,-2.81,0.0014999999999999998,4.437342337778208,398.6252277768674,1.111254311441291e-12,0.9999999999999998,8.84599547244237,391.67012702605945,6.9190926960505455e-15,1.0
266,22,4,-2.81,0.0016499999999999998,4.437342337778208,398.6252277768674,1.111254311441291e-12,0.9999999999999998,8.84599547244237,391.67012702605945,6.9190926960505455e-15,1.0
267,22,4,-2.81,0.0018,4.437342337778208,398.6252277768674,1.111254311441291e-12,0.9999999999999998,8.84599547244237,391.67012702605945,6.9190926960505455e-15,1.0
268,22,4,-2.81,0.00195,4.437342337778208,398.6252277768674,1.111254311441291e-12,0.9999999999999998,8.84599547244237,391.67012702605945,6.9190926960505455e-15,1.0
269,22,4,-2.81,0.0021,4.437342337778208,398.6252277768674,1.111254311441291e-12,0.9999999999999998,8.84599547244237,391.67012702605945,6.9190926960505455e-15,1.0
270,23,4,-2.81,0.0,-21.264672996714832,684.6551506984425,3.3164789661215104e-14,1.0,-8.161904387403862,588.4769276546976,5.275036713934582e-15,1.0
271,23,4,-2.81,0.00015,-21.264672996714832,684.6551506984425,3.3164789661215104e-14,1.0,-8.161904387403862,588.4769276546976,5.275036713934582e-15,1.0
272,23,4,-2.81,0.0003,-21.264672996714832,684.6551506984425,3.3164789661215104e-14,1.0,-8.161904387403862,588.4769276546976,5.275036713934582e-15,1.0
273,23,4,-2.81,0.00045,-21.264672996714832,684.6551506984425,3.3164789661215104e-14,1.0,-8.161904387403862,588.4769276546976,5.275036713934582e-15,1.0
274,23,4,-2.81,0.0006,-21.264672996714832,684.6551506984425,3.3164789661215104e-14,1.0,-8.161904387403862,588.4769276546976,5.275036713934582e-15,1.0
275,23,4,-2.81,0.0007499999999999999,-21.264672996714832,684.6551506984425,3.3164789661215104e-14,1.0,-8.161904387403862,588.4769276546976,5.275036713934582e-15,1.0
276,23,4,-2.81,0.0009,-21.264672996714832,684.6551506984425,3.3164789661215104e-14,1.0,-8.161904387403862,588.4769276546976,5.275036713934582e-15,1.0
277,23,4,-2.81,0.00105,-21.264672996714832,684.6551506984425,3.3164789661215104e-14,1.0,-8.161904387403862,588.4769276546976,5.275036713934582e-15,1.0
278,23,4,-2.81,0.0012,-21.264672996714832,684.6551506984425,3.3164789661215104e-14,1.0,-8.161904387403862,588.4769276546976,5.275036713934582e-15,1.0
279,23,4,-2.81,0.0013499999999999999,-21.264672996662917,684.6551506987003,3.290181805597005e-14,1.0,-8.161904387396444,588.4769276546222,5.273212608979302e-15,1.0
280,23,4,-2.81,0.0014999999999999998,-21.264672996714832,684.6551506984425,3.3164789661215104e-14,1.0,-8.161904387403862,588.4769276546976,5.275036713934582e-15,1.0
281,23,4,-2.81,0.0016499999999999998,-21.264672996714832,684.6551506984425,3.3164789661215104e-14,1.0,-8.161904387403862,588.4769276546976,5.275036713934582e-15,1.0
282,23,4,-2.81,0.0018,-21.264672996714832,684.6551506984425,3.3164789661215104e-14,1.0,-8.161904387403862,588.4769276546976,5.275036713934582e-15,1.0
283,23,4,-2.81,0.00195,-21.264672996714832,684.6551506984425,3.3164789661215104e-14,1.0,-8.161904387403862,588.4769276546976,5.275036713934582e-15,1.0
284,23,4,-2.81,0.0021,-21.264672996714832,684.6551506984425,3.3164789661215104e-14,1.0,-8.161904387403862,588.4769276546976,5.275036713934582e-15,1.0
285,24,4,-2.81,0.0,3.216749508469848,342.756732984704,6.18829624966592e-13,0.9999999999999996,1.237355157665153,340.99377761014557,1.7530402340138842e-15,1.0
286,24,4,-2.81,0.00015,3.216749508469848,342.756732984704,6.18829624966592e-13,0.9999999999999996,1.237355157665153,340.99377761014557,1.7530402340138842e-15,1.0
287,24,4,-2.81,0.0003,3.216749508469848,342.756732984704,6.18829624966592e-13,0.9999999999999996,1.237355157665153,340.99377761014557,1.7530402340138842e-15,1.0
288,24,4,-2.81,0.00045,3.216749508469848,342.756732984704,6.18829624966592e-13,0.9999999999999996,1.237355157665153,340.99377761014557,1.7530402340138842e-15,1.0
289,24,4,-2.81,0.0006,3.216749508469848,342.756732984704,6.18829624966592e-13,0.9999999999999996,1.237355157665153,340.99377761014557,1.7530402340138842e-15,1.0
290,24,4,-2.81,0.0007499999999999999,3.216749508469848,342.756732984704,6.18829624966592e-13,0.9999999999999996,1.237355157665153,340.99377761014557,1.7530402340138842e-15,1.0
291,24,4,-2.81,0.0009,3.216749508469848,342.756732984704,6.18829624966592e-13,0.9999999999999996,1.237355157665153,340.99377761014557,1.7530402340138842e-15,1.0
292,24,4,-2.81,0.00105,3.216749508469848,342.756732984704,6.18829624966592e-13,0.9999999999999996,1.237355157665153,340.99377761014557,1.7530402340138842e-15,1.0
293,24,4,-2.81,0.0012,3.216749508469848,342.756732984704,6.18829624966592e-13,0.9999999999999996,1.237355157665153,340.99377761014557,1.7530402340138842e-15,1.0
294,24,4,-2.81,0.0013499999999999999,3.216749508525144,342.7567329844468,6.186430515546315e-13,1.0,1.237355157665153,340.99377761014557,1.7530402340138842e-15,1.0
295,24,4,-2.81,0.0014999999999999998,3.216749508469848,342.756732984704,6.18829624966592e-13,0.9999999999999996,1.237355157665153,340.99377761014557,1.7530402340138842e-15,1.0
296,24,4,-2.81,0.0016499999999999998,3.216749508469848,342.756732984704,6.18829624966592e-13,0.9999999999999996,1.237355157665153,340.99377761014557,1.7530402340138842e-15,1.0
297,24,4,-2.81,0.0018,3.216749508469848,342.756732984704,6.18829624966592e-13,0.9999999999999996,1.237355157665153,340.99377761014557,1.7530402340138842e-15,1.0
298,24,4,-2.81,0.00195,3.216749508469848,342.756732984704,6.18829624966592e-13,0.9999999999999996,1.237355157665153,340.99377761014557,1.7530402340138842e-15,1.0
299,24,4,-2.81,0.0021,3.216749508469848,342.756732984704,6.18829624966592e-13,0.9999999999999996,1.237355157665153,340.99377761014557,1.7530402340138842e-15,1.0
300,26,4,-2.81,0.0,15.054633634820751,302.5269505971861,6.586145751881965e-15,1.0,5.496456828074658,377.48254668626566,5.753179793637934e-15,0.9999999999999996
301,26,4,-2.81,0.00015,15.054633634820751,302.5269505971861,6.586145751881965e-15,1.0,5.496456828074658,377.48254668626566,5.753179793637934e-15,0.9999999999999996
302,26,4,-2.81,0.0003,15.054633634820751,302.5269505971861,6.586145751881965e-15,1.0,5.496456828074658,377.48254668626566,5.753179793637934e-15,0.9999999999999996
303,26,4,-2.81,0.00045,15.054633634820751,302.5269505971861,6.586145751881965e-15,1.0,5.496456828074658,377.48254668626566,5.753179793637934e-15,0.9999999999999996
304,26,4,-2.81,0.0006,15.054633634820751,302.5269505971861,6.586145751881965e-15,1.0,5.496456828074658,377.48254668626566,5.753179793637934e-15,0.9999999999999996
305,26,4,-2.81,0.0007499999999999999,15.054633634820751,302.5269505971861,6.586145751881965e-15,1.0,5.496456828074658,377.48254668626566,5.753179793637934e-15,0.9999999999999996
306,26,4,-2.81,0.0009,15.054633634820751,302.5269505971861,6.586145751881965e-15,1.0,5.496456828074658,377.48254668626566,5.753179793637934e-15,0.9999999999999996
307,26,4,-2.81,0.00105,15.054633634820751,302.5269505971861,6.586145751881965e-15,1.0,5.496456828074658,377.48254668626566,5.753179793637934e-15,0.9999999999999996
308,26,4,-2.81,0.0012,15.054633634820751,302.5269505971861,6.586145751881965e-15,1.0,5.496456828074658,377.48254668626566,5.753179793637934e-15,0.9999999999999996
309,26,4,-2.81,0.0013499999999999999,15.05463363481974,302.52695059719065,6.586622561402029e-15,1.0,5.496456828079549,377.4825466862271,5.751272340474562e-15,1.0
310,26,4,-2.81,0.0014999999999999998,15.054633634820751,302.5269505971861,6.586145751881965e-15,1.0,5.496456828074658,377.48254668626566,5.753179793637934e-15,0.9999999999999996
311,26,4,-2.81,0.0016499999999999998,15.054633634820751,302.5269505971861,6.586145751881965e-15,1.0,5.496456828074658,377.48254668626566,5.753179793637934e-15,0.9999999999999996
312,26,4,-2.81,0.0018,15.054633634820751,302.5269505971861,6.586145751881965e-15,1.0,5.496456828074658,377.48254668626566,5.753179793637934e-15,0.9999999999999996
313,26,4,-2.81,0.00195,15.054633634820751,302.5269505971861,6.586145751881965e-15,1.0,5.496456828074658,377.48254668626566,5.753179793637934e-15,0.9999999999999996
314,26,4,-2.81,0.0021,15.054633634820751,302.5269505971861,6.586145751881965e-15,1.0,5.496456828074658,377.48254668626566,5.753179793637934e-15,0.9999999999999996
315,27,4,-2.81,0.0,22.211013512137335,309.26516877843886,1.9900562317587962e-14,1.0,4.620072874711802,402.0082413729265,3.139730106887659e-14,1.0
316,27,4,-2.81,0.00015,22.211013512137335,309.26516877843886,1.9900562317587962e-14,1.0,4.620072874711802,402.0082413729265,3.139730106887659e-14,1.0
317,27,4,-2.81,0.0003,22.211013512137335,309.26516877843886,1.9900562317587962e-14,1.0,4.620072874711802,402.0082413729265,3.139730106887659e-14,1.0
318,27,4,-2.81,0.00045,22.211013512137335,309.26516877843886,1.9900562317587962e-14,1.0,4.620072874711802,402.0082413729265,3.139730106887659e-14,1.0
319,27,4,-2.81,0.0006,22.211013512137335,309.26516877843886,1.9900562317587962e-14,1.0,4.620072874711802,402.0082413729265,3.139730106887659e-14,1.0
320,27,4,-2.81,0.0007499999999999999,22.211013512137335,309.26516877843886,1.9900562317587962e-14,1.0,4.620072874711802,402.0082413729265,3.139730106887659e-14,1.0
321,27,4,-2.81,0.0009,22.211013512137335,309.26516877843886,1.9900562317587962e-14,1.0,4.620072874711802,402.0082413729265,3.139730106887659e-14,1.0
322,27,4,-2.81,0.00105,22.211013512137335,309.26516877843886,1.9900562317587962e-14,1.0,4.620072874711802,402.0082413729265,3.139730106887659e-14,1.0
323,27,4,-2.81,0.0012,22.211013512137335,309.26516877843886,1.9900562317587962e-14,1.0,4.620072874711802,402.0082413729265,3.139730106887659e-14,1.0
324,27,4,-2.81,0.0013499999999999999,22.211013512137335,309.26516877843886,1.9900562317587962e-14,1.0,4.620072878561196,402.0082413514115,2.728841763758513e-14,1.0
325,27,4,-2.81,0.0014999999999999998,22.211013512137335,309.26516877843886,1.9900562317587962e-14,1.0,4.620072874711802,402.0082413729265,3.139730106887659e-14,1.0
326,27,4,-2.81,0.0016499999999999998,22.211013512137335,309.26516877843886,1.9900562317587962e-14,1.0,4.620072874711802,402.0082413729265,3.139730106887659e-14,1.0
327,27,4,-2.81,0.0018,22.211013512137335,309.26516877843886,1.9900562317587962e-14,1.0,4.620072874711802,402.0082413729265,3.139730106887659e-14,1.0
328,27,4,-2.81,0.00195,22.211013512137335,309.26516877843886,1.9900562317587962e-14,1.0,4.620072874711802,402.0082413729265,3.139730106887659e-14,1.0
329,27,4,-2.81,0.0021,22.211013512137335,309.26516877843886,1.9900562317587962e-14,1.0,4.620072874711802,402.0082413729265,3.139730106887659e-14,1.0
